nx,ny,points,cpp_energy,python_energy,energy_abs_diff,cpp_charge,python_charge,charge_abs_diff,cpp_energy_time_mean,cpp_energy_time_std,python_energy_time_mean,python_energy_time_std,energy_speedup,cpp_charge_time_mean,cpp_charge_time_std,python_charge_time_mean,python_charge_time_std,charge_speedup
64,64,4096,83.53494545966169,83.5349454596616,8.526512829121202e-14,-0.7817919684470612,-0.7817919684470636,2.3314683517128287e-15,0.0002028666902333498,9.55547076249962e-06,0.00023789999540895223,5.09658407947309e-05,1.172691264077434,0.00024760331337650616,3.5771503917250545e-05,0.0002508333263297876,5.273381061084925e-05,1.0130451119948054
128,128,16384,67.41924006908405,67.41924006908374,3.126388037344441e-13,-0.973966279297845,-0.9739662792978433,1.6653345369377348e-15,0.0008321333366135756,0.00012428172307086123,0.0011786466697230936,0.0003584761014708393,1.4164156366090055,0.0009328266760955255,3.172118941600572e-05,0.0014532799987743298,0.0001353901220939152,1.5579314314393682
256,256,65536,43.46404830206557,43.46404830206541,1.6342482922482304e-13,-0.9965435199890971,-0.9965435199890896,7.438494264988549e-15,0.003158096658686797,0.0002017343022828467,0.008196466672234237,0.0004658354715003916,2.595381825850289,0.0036974166675160327,0.00010692707126550595,0.008466123331648609,0.0003096794509546638,2.289740132895611
512,512,262144,28.47091818980565,28.470918189805015,6.359357485052897e-13,-0.9982192379032799,-0.9982192379032555,2.4424906541753444e-14,0.012091626677041252,0.0005954156652374035,0.03662159667195131,0.0008350235939643282,3.028674110612915,0.014776136679574847,0.0005457410736234935,0.04411664332728833,0.0022026313157407357,2.9856683302253875
1024,1024,1048576,20.5644916537577,20.564491653759248,1.5489831639570184e-12,-0.9983282917221152,-0.9983282917220369,7.838174553853605e-14,0.04964795667522897,0.0010950653418749703,0.1602848733542487,0.0023167357410437245,3.2284284004425143,0.05909818000315378,0.0010924724026622117,0.2054353899943332,0.005601745699024499,3.476171177917325
2048,2048,4194304,16.561264293510167,16.561264293510437,2.7000623958883807e-13,-0.9983351634469555,-0.9983351634469033,5.218048215738236e-14,0.19859198332608988,0.002743053051420893,0.6494866566654915,0.010710429046141364,3.2704575773284286,0.23305470667934666,0.002570081491568983,0.8687363000509019,0.1421329726395432,3.7276067599277085
